{"cameraMode":{"drawMode":0,"name":"Shaded","section":"Shading Mode"},"sceneLighting":true,"audioPlay":false,"sceneViewState":{"showFog":true,"showMaterialUpdate":false,"showSkybox":true,"showFlares":true,"showImageEffects":true,"showParticleSystems":true},"in2DMode":false,"pivot":{"x":0.7400000095367432,"y":1.4299999475479127,"z":-2.3399999141693117},"rotation":{"x":-0.36510568857192995,"y":0.5963903665542603,"z":-0.3490358591079712,"w":-0.6238511800765991},"size":3.637709140777588,"orthographic":false}